<?xml version='1.0' encoding='utf-8'?>
<!DOCTYPE hibernate-configuration PUBLIC
        "-//Hibernate/Hibernate Configuration DTD 3.0//EN"
        "http://hibernate.sourceforge.net/hibernate-configuration-3.0.dtd">

<hibernate-configuration>
	<session-factory>

		<property name="hibernate.connection.driver_class">com.mysql.jdbc.Driver</property>
		<property name="hibernate.connection.url">jdbc:mysql://localhost:3306/rev</property>
		<property name="hibernate.connection.username">root</property>
		<property name="hibernate.connection.password">Welcome123</property>
		<property name="hibernate.show_sql">true</property>
		<!-- add classes to map from here -->

		<property name="hibernate.dialect">org.hibernate.dialect.MySQLDialect</property>
		<property name="hibernate.show_sql">true</property>
		<property name="hibernate.hbm2ddl.auto">update</property>


		<mapping class="com.mindtree.entity.User" />


	</session-factory>
</hibernate-configuration>